summary,journey_id,duration_in_days
ISS crew rotation.,f9a3dc00-1d8d-11d9-8080-808080808080,10
Missing Summary,26116400-5294-11b8-8080-808080808080,9
First South African in space (Shuttleworth). Second space tourist (Shuttleworth).,4f2e4c00-5815-11d6-8080-808080808080,10
Repair of crippled Salyut 7 station.,8a5be000-6a0a-11c3-8080-808080808080,112
Deploy satellites,1fc7bc00-a3de-11f6-8080-808080808080,113
Test new spacecraft model,331d3080-a200-11f6-8080-808080808080,31
Deploy new internet beacons,bdb92200-9fab-11f6-8080-808080808080,236
Tourist flight,96425680-9ed2-11f6-8080-808080808080,53
Push the boundaries of human exploration,e7c83000-8c09-11f6-8080-808080808080,170
Test new spacecraft model,fa511980-892a-11f6-8080-808080808080,229
Tourist flight,5199b000-887f-11f6-8080-808080808080,323
Crew rotation,6a489c80-8864-11f6-8080-808080808080,24
Crew rotation,e52b7f00-86cd-11f6-8080-808080808080,2
Deploy satellites,dd537280-81d5-11f6-8080-808080808080,138
Testbed mission for the Chinese to gain experience from an extended stay on a space laboratory and test its life-support systems.,7b24c000-9333-11e6-8080-808080808080,33
"Second U.S. Department of Defense mission. Classified payload, believed to be two communications satellites.",09ed9600-c7d6-11c3-8080-808080808080,4
Spent almost three months in space. Miscellaneous scientific experiments conducted.,fe867600-7630-11b6-8080-808080808080,84
Go to edge of solar system,53cb7a00-b8da-11ef-8080-808080808080,12
Land on Mars,9b930600-a5a7-11ef-8080-808080808080,31
Bring supplies to space center,5b822100-9921-11ef-8080-808080808080,154
Land on Mars,313b6700-8f10-11ef-8080-808080808080,161
Test new spacecraft model,0f73f500-7198-11ef-8080-808080808080,281
Bring passengers to the moon,543e5400-70e4-11ef-8080-808080808080,211
Land on Mars,10227580-5c44-11ef-8080-808080808080,29
Crew rotation,0ea51780-5816-11ef-8080-808080808080,175
Land on Mars,a6c23d80-466a-11ef-8080-808080808080,186
Bring supplies to space center,b91df500-4034-11ef-8080-808080808080,98
Radar topographic mapping of Earths surface.,ae776a00-e0aa-11d3-8080-808080808080,11
Test new spacecraft model,56850700-18b2-11f1-8080-808080808080,260
Push the boundaries of human exploration,f2c17380-12de-11f1-8080-808080808080,45
Crew rotation,0c9d5500-1058-11f1-8080-808080808080,141
Bring passengers to the moon,b7879f00-0aab-11f1-8080-808080808080,266
Test new spacecraft model,e7dbfd00-0861-11f1-8080-808080808080,91
Bring supplies to space center,1aac9980-05b3-11f1-8080-808080808080,192
Deploy new internet beacons,da422100-059c-11f1-8080-808080808080,51
Crew rotation,87417d00-054e-11f1-8080-808080808080,176
Tourist flight,211c1200-04dc-11f1-8080-808080808080,23
Push the boundaries of human exploration,0b167380-fbf7-11f0-8080-808080808080,165
Missing Summary,4ebbc400-f8a3-11b1-8080-808080808080,10
ISS crew rotation.,5b91c000-ec9c-11e5-8080-808080808080,173
"ISS assembly, maintenance and supply.",6791cc00-da2d-11d6-8080-808080808080,11
Mir crew rotation. First Japanese in space (Akiyama).,b6890e00-91a0-11c9-8080-808080808080,8
Solar observations. Wake Shield Facility-2 deployment.,1a9fce00-e927-11ce-8080-808080808080,11
"ISS crew rotation, assembly and supply.",45930c00-78ca-11d6-8080-808080808080,10
First live TV from U.S. astronaut.,2a9f6000-ae3f-11aa-8080-808080808080,1
First American to visit Mir (Thagard).,9f20f200-5dc5-11ce-8080-808080808080,115
ISS construction and supply.,c62b5200-2d6d-11d4-8080-808080808080,10
Mir crew rotation.,27472000-6b66-11cb-8080-808080808080,14
ISS crew rotation.,9dbbc000-ecfa-11de-8080-808080808080,164
Mir crew rotation. First Syrian in space (Faris).,d9920a00-cbab-11c5-8080-808080808080,160
Second woman in space (Savitskaya).,82443000-474b-11c0-8080-808080808080,8
ISS crew rotation.,0c9d0000-1999-11de-8080-808080808080,199
Sixth and last lunar landing. Third and last Lunar Rover.  Third and last deep space EVA.,08ed8e00-6799-11b5-8080-808080808080,12
50th Space Shuttle mission. Joint NASA and NASDA mission. Conducted microgravity investigations in materials and life sciences. First African-American woman in space (Jemison).,3b090000-909a-11cb-8080-808080808080,8
Deployment of Tracking and Data Relay Satellite-4 (TDRS-4). Miscellaneous science experiments.,3e0e6800-a393-11c7-8080-808080808080,5
Fifth lunar landing. Second Lunar Rover.  Second deep space EVA.,9e13ec00-af56-11b4-8080-808080808080,11
Life sciences experiments. Earth observations and study of aurora borealis. First Pole in space (Hermaszewski).,01c2fa00-a188-11bb-8080-808080808080,8
First USA landing on the moon,fc01e800-9954-11b1-8080-808080808080,8
ISS crew rotation.,fa620000-958e-11e6-8080-808080808080,173
Investigations into effects of prolonged spaceflight. Record duration mission for single spacecraft.,59753800-9519-11b2-8080-808080808080,18
First instance of two manned spacecraft in orbit simultaneously.,ff31b400-d46d-11a9-8080-808080808080,4
Third human spaceflight and first spacewalk for China.,e56e8000-8a94-11dd-8080-808080808080,3
Bring supplies to space center,b48d5400-dcac-11ed-8080-808080808080,141
Bring passengers to the moon,3c0d5700-d97d-11ed-8080-808080808080,224
Go to edge of solar system,6b835e80-d7d9-11ed-8080-808080808080,129
Go to edge of solar system,39b7a880-cbda-11ed-8080-808080808080,168
Deploy new internet beacons,98da3680-c4d1-11ed-8080-808080808080,155
Bring supplies to space center,33bf0c00-c411-11ed-8080-808080808080,50
Push the boundaries of human exploration,bce12f00-c38e-11ed-8080-808080808080,151
Go to edge of solar system,b1e77100-c013-11ed-8080-808080808080,71
Tourist flight,866f2a00-bc93-11ed-8080-808080808080,350
Land on Mars,fcfe1180-bb45-11ed-8080-808080808080,57
Delivery of experimentsDelivery of Rassvet,a3a18000-5eeb-11df-8080-808080808080,12
ISS crew rotation.,e480c000-4446-11e4-8080-808080808080,168
Mir repairs. 39th and final Mir mission.,031dce00-09e6-11d4-8080-808080808080,73
Bring supplies to space center,c20b9480-534e-11f2-8080-808080808080,16
Deploy new internet beacons,23402780-5105-11f2-8080-808080808080,49
Tourist flight,e06a4b00-5043-11f2-8080-808080808080,197
Bring supplies to space center,7bb8dd00-4fbe-11f2-8080-808080808080,18
Tourist flight,12ef3900-4ec8-11f2-8080-808080808080,4
Crew rotation,7eeb2080-4a34-11f2-8080-808080808080,259
Find new forms of life,aa281100-4876-11f2-8080-808080808080,15
Crew rotation,ed923d80-4632-11f2-8080-808080808080,335
Test new spacecraft model,dc1c1c00-440d-11f2-8080-808080808080,15
Find new forms of life,cf359d80-3fb3-11f2-8080-808080808080,204
Microgravity experiments.,9c6a4600-0ae6-11cf-8080-808080808080,16
First EVA.,d0f99800-bee4-11ac-8080-808080808080,1
ISS crew rotation and assembly,33374000-1553-11dc-8080-808080808080,14
ISS crew rotation.,4d06ea00-91b0-11d8-8080-808080808080,11
Deploy satellites,bbc80300-b37a-11f8-8080-808080808080,149
Test new spacecraft model,5d5e9900-a1af-11f8-8080-808080808080,22
Crew rotation,b3cc9d00-9f4d-11f8-8080-808080808080,66
Test new spacecraft model,e8871a00-6a1b-11f8-8080-808080808080,214
Bring supplies to space center,e5633e00-69c9-11f8-8080-808080808080,173
Land on Mars,33786200-5615-11f8-8080-808080808080,148
Test new spacecraft model,4c2b3e00-5569-11f8-8080-808080808080,105
Go to edge of solar system,1d945280-5405-11f8-8080-808080808080,70
Tourist flight,50133e00-47bd-11f8-8080-808080808080,84
Push the boundaries of human exploration,d10eb600-4408-11f8-8080-808080808080,146
Deployment of Advanced Communications Technology Satellite (ACTS). Ultraviolet astronomical observations.,7d874600-af55-11cc-8080-808080808080,10
"ISS assembly, crew rotation and supply.",851be600-ff46-11d6-8080-808080808080,13
First American EVA.,b95cb200-fbab-11ac-8080-808080808080,4
Reached altitude of 108km. Walker becomes first person to fly into space twice. X-15 #3 (serial 56-6672) becomes first vehicle to fly into space twice.,0b7e4000-fb9d-11aa-8080-808080808080,0
First re-use of a manned orbital spacecraft. Systems test. Earth science observations.,138ad400-6b34-11bf-8080-808080808080,2
Bring passengers to the moon,b7792080-473c-11ea-8080-808080808080,142
Deploy new internet beacons,785b4480-41fd-11ea-8080-808080808080,169
Land on Mars,05eb4700-40cd-11ea-8080-808080808080,217
Push the boundaries of human exploration,60738000-3ee0-11ea-8080-808080808080,14
Push the boundaries of human exploration,bdbd6f00-38eb-11ea-8080-808080808080,90
Deploy new internet beacons,993b7a00-36d4-11ea-8080-808080808080,316
Deploy satellites,c4727c00-35a3-11ea-8080-808080808080,103
Tourist flight,264e9e00-3378-11ea-8080-808080808080,74
Land on Mars,c1237b80-3297-11ea-8080-808080808080,249
Land on Mars,4d1ab080-3262-11ea-8080-808080808080,288
First EVA by a female astronaut (Savitskaya).,33b89e00-6bcd-11c2-8080-808080808080,12
Hubble Space Telescope servicing mission.,8c3efc00-2d06-11d6-8080-808080808080,11
Earth photography.,f5abc800-a292-11b9-8080-808080808080,8
Mir equipment installation.,1e736c00-2e19-11c8-8080-808080808080,167
German-sponsored Spacelab mission. Microgravity experiments. First Dutchman in space (Ockels).,93cd4800-dd1d-11c3-8080-808080808080,7
Mir crew rotation and resupply. Miscellaneous scientific experiments.,d87c8400-0f9f-11d0-8080-808080808080,10
Ultraviolet and X-ray astronomy (ASTRO-1 observatory).,23e27200-9194-11c9-8080-808080808080,9
Miscellaneous scientific experiments. First Japanese EVA (Doi). First Ukrainian in space (Kadenyuk).,01098c00-6117-11d1-8080-808080808080,16
ISS crew rotation.,b6744000-97f0-11dd-8080-808080808080,178
First manned lunar orbit.,94750a00-f69d-11b0-8080-808080808080,6
Resumption of ISS assembly. First Canadian to operate Canadarm2. Delivery of the second set of solar arrays and batteries.,22db4000-3f96-11db-8080-808080808080,12
First crew transfer between space vehicles. First docking of two manned spacecraft.,9f5a4c00-0976-11b1-8080-808080808080,3
Bring supplies to space center,bbbf4a00-ff35-11ef-8080-808080808080,91
Push the boundaries of human exploration,c35a6f80-f8f3-11ef-8080-808080808080,115
Crew rotation,27266d80-f8df-11ef-8080-808080808080,33
Deploy satellites,65a6a180-f2bb-11ef-8080-808080808080,63
Land on Mars,6c9f7e00-ef62-11ef-8080-808080808080,258
Test new spacecraft model,6cea0180-ec62-11ef-8080-808080808080,114
Deploy new internet beacons,77998d80-ebb3-11ef-8080-808080808080,237
Deploy new internet beacons,76487080-eb73-11ef-8080-808080808080,64
Test new spacecraft model,f3e7ee80-e498-11ef-8080-808080808080,197
Deploy new internet beacons,e7727180-e384-11ef-8080-808080808080,208
Two communications satellites launched. First American woman in space (Ride). Investigation into behavior of ant colony in zero gravity. Various microgravity experiments.,59d8be00-3535-11c1-8080-808080808080,6
Deployment of Upper Atmosphere Research Satellite (UARS).,36d59a00-7149-11ca-8080-808080808080,6
Testing of experimental solar arrays. Three satellites deployed.,dc962200-8e36-11c2-8080-808080808080,6
Crew rotation,7e198500-f059-11ec-8080-808080808080,131
Crew rotation,0d1f3b00-ec1d-11ec-8080-808080808080,31
Deploy new internet beacons,4000fa80-eb5b-11ec-8080-808080808080,67
Bring passengers to the moon,f1bc0f00-eafa-11ec-8080-808080808080,178
Test new spacecraft model,794d5200-eaea-11ec-8080-808080808080,159
Find new forms of life,e6696980-db74-11ec-8080-808080808080,91
Bring supplies to space center,37ea8500-d5c6-11ec-8080-808080808080,133
Bring passengers to the moon,783cde00-d3e1-11ec-8080-808080808080,52
Deploy satellites,23fae980-d1a8-11ec-8080-808080808080,191
Push the boundaries of human exploration,cd47ce00-d11b-11ec-8080-808080808080,48
ISS assembly and supply. Delivery of Destiny Laboratory Module.,c1b92600-fd4e-11d4-8080-808080808080,13
First flawless Mercury mission.,977b6200-fe3b-11a9-8080-808080808080,0
Failed to board Salyut 3 space station.,c0be5400-54c4-11b7-8080-808080808080,2
Second Shuttle-Mir docking. Delivery of Russian docking module and solar arrays.,d39ad400-1ced-11cf-8080-808080808080,8
Failed to dock with Salyut 7.,443a4a00-06e6-11c1-8080-808080808080,2
ISS crew rotation.,8e2b4000-691c-11e8-8080-808080808080,197
Missing Summary,2502f000-3c34-11c1-8080-808080808080,149
Tourist flight,bab26100-508a-11f5-8080-808080808080,99
Test new spacecraft model,eb951000-2b88-11f5-8080-808080808080,165
Land on Mars,d1233100-29e6-11f5-8080-808080808080,48
Go to edge of solar system,ab3e4e00-1e76-11f5-8080-808080808080,7
Crew rotation,690dc780-1b6b-11f5-8080-808080808080,84
Deploy satellites,e2cbe580-13f4-11f5-8080-808080808080,37
Deploy new internet beacons,39b1b680-085c-11f5-8080-808080808080,18
Go to edge of solar system,cf382880-f180-11f4-8080-808080808080,8
Find new forms of life,9e7d2d00-dfe0-11f4-8080-808080808080,153
Push the boundaries of human exploration,bd48e180-d553-11f4-8080-808080808080,40
ISS crew rotation.,d3f10000-d1a5-11df-8080-808080808080,160
Mir crew rotation. Life science experiments. First Briton in space (Sharman). First European woman in space (Sharman).,13d00c00-1502-11ca-8080-808080808080,8
Deployment of Laser Geodynamic Satellite II (LAGEOS-II). US Microgravity Payload-1 (USMP-1): physics experiments.,e2c20800-b020-11cb-8080-808080808080,10
Find new forms of life,a937ef00-7bf0-11f3-8080-808080808080,57
Tourist flight,6a8be880-782e-11f3-8080-808080808080,96
Test new spacecraft model,c4776180-746e-11f3-8080-808080808080,15
Test new spacecraft model,4facda80-7183-11f3-8080-808080808080,192
Bring supplies to space center,580ae700-6fc4-11f3-8080-808080808080,173
Crew rotation,37f70b80-6f63-11f3-8080-808080808080,22
Find new forms of life,714e4080-6dd6-11f3-8080-808080808080,67
Bring supplies to space center,7d35f600-6d35-11f3-8080-808080808080,25
Push the boundaries of human exploration,5316f380-6bd0-11f3-8080-808080808080,135
Push the boundaries of human exploration,7c181100-6631-11f3-8080-808080808080,81
Land on Mars,b0a04f00-5d8d-11eb-8080-808080808080,62
Find new forms of life,54564900-54ca-11eb-8080-808080808080,97
Land on Mars,d3cd1500-5403-11eb-8080-808080808080,275
Deploy new internet beacons,1210f880-5360-11eb-8080-808080808080,170
Land on Mars,3658df00-5338-11eb-8080-808080808080,327
Go to edge of solar system,9dfa1780-51dc-11eb-8080-808080808080,60
Tourist flight,1f7c5a80-4fcf-11eb-8080-808080808080,197
Find new forms of life,049edd00-4f20-11eb-8080-808080808080,78
Bring supplies to space center,550e1300-4d45-11eb-8080-808080808080,5
Crew rotation,9bdd0980-4c6e-11eb-8080-808080808080,41
Miscellaneous scientific experiments.,08a10600-3759-11cd-8080-808080808080,14
ISS crew rotation.,4bfa4000-255c-11e7-8080-808080808080,136
ISS crew rotation. First Brazilian in space (Pontes).,21860000-bf80-11da-8080-808080808080,183
Deploy new internet beacons,13483a80-319a-11ef-8080-808080808080,163
Find new forms of life,fe68a880-3193-11ef-8080-808080808080,178
Bring supplies to space center,c6ba6d80-29e9-11ef-8080-808080808080,187
Find new forms of life,f7edf600-2530-11ef-8080-808080808080,178
Test new spacecraft model,d9253a80-2503-11ef-8080-808080808080,96
Find new forms of life,dd33aa00-1d04-11ef-8080-808080808080,27
Bring passengers to the moon,93ab3c80-1a30-11ef-8080-808080808080,35
Push the boundaries of human exploration,eddab080-182a-11ef-8080-808080808080,32
Bring passengers to the moon,bc2cf100-1727-11ef-8080-808080808080,201
Deploy new internet beacons,f3563d80-113c-11ef-8080-808080808080,187
Deploy satellites,125e2a00-c4ae-11f0-8080-808080808080,5
Deploy satellites,3512bd80-c02c-11f0-8080-808080808080,7
Deploy new internet beacons,bb52f580-ab8d-11f0-8080-808080808080,97
Find new forms of life,d3e17e00-a66a-11f0-8080-808080808080,60
Bring supplies to space center,747ad280-9fc7-11f0-8080-808080808080,1
Tourist flight,1a7f3080-96dc-11f0-8080-808080808080,138
Land on Mars,307beb00-9621-11f0-8080-808080808080,155
Tourist flight,cc923080-8d9d-11f0-8080-808080808080,119
Tourist flight,17e6c080-89e5-11f0-8080-808080808080,107
Bring supplies to space center,51a92900-7876-11f0-8080-808080808080,178
Missing Summary,5efc6800-3104-11c9-8080-808080808080,131
Second ISS flight. ISS assembly and resupply.,c5453600-1421-11d3-8080-808080808080,10
First mission to Salyut 7. Deployment of radio communications satellite.,a4bc0400-fa0c-11bf-8080-808080808080,211
ISS crew rotation.,6ef54000-973a-11e2-8080-808080808080,167
ISS crew rotation.,cc5c8000-2c9a-11e8-8080-808080808080,197
First American manned orbital flight. Completed three orbits.,8c7b3200-4d82-11a9-8080-808080808080,0
Land on Mars,ec5c5000-72f7-11f5-8080-808080808080,85
Bring passengers to the moon,85685b00-7180-11f5-8080-808080808080,229
Find new forms of life,b871af80-6d78-11f5-8080-808080808080,23
Crew rotation,bd431480-6a95-11f5-8080-808080808080,3
Crew rotation,c9e34200-699b-11f5-8080-808080808080,270
Test new spacecraft model,d30e9f00-667b-11f5-8080-808080808080,23
Land on Mars,0e57a080-6671-11f5-8080-808080808080,185
Push the boundaries of human exploration,42619180-659d-11f5-8080-808080808080,204
Test new spacecraft model,5d1cf480-643d-11f5-8080-808080808080,279
Go to edge of solar system,e5959800-6431-11f5-8080-808080808080,53
ISS assembly,4e6a0000-4542-11dc-8080-808080808080,13
Mir crew rotation. First Kazakh in space (Aubakirov). First Austrian in space (Vieb̦ck).,5be66a00-8070-11ca-8080-808080808080,175
Ulysses probe deployed. Miscellaneous science experiments.,e2b34600-64f3-11c9-8080-808080808080,4
First manned spaceflight. Completed one Earth orbit.,805b1a00-5673-11a8-8080-808080808080,0
ISS crew rotation and supply. Safety and repair system testing. First long-duration ISS mission by an ESA astronaut (Reiter).,092e0000-0af0-11db-8080-808080808080,13
Second Spacelab mission; microgravity experiments. Observation of behaviour of monkeys and rodents in space.,08df9800-4c7d-11c3-8080-808080808080,7
Go to edge of solar system,35745900-4089-11f0-8080-808080808080,45
Bring supplies to space center,89b79900-30da-11f0-8080-808080808080,78
Test new spacecraft model,e51d6c00-2682-11f0-8080-808080808080,177
Bring passengers to the moon,b644cd00-2665-11f0-8080-808080808080,99
Deploy satellites,43b64d80-1eff-11f0-8080-808080808080,77
Bring supplies to space center,b9cd3700-1a5d-11f0-8080-808080808080,15
Crew rotation,d312e100-1149-11f0-8080-808080808080,170
Tourist flight,5f004f80-08a4-11f0-8080-808080808080,16
Bring passengers to the moon,5cc2d480-0855-11f0-8080-808080808080,40
Bring supplies to space center,74593080-04d6-11f0-8080-808080808080,185
First manual retrofire. Earth photography and study of liquids in weightless conditions.,e9d69600-9685-11a9-8080-808080808080,0
First manual rendezvous. Miscellaneous scientific experiments.,1c20b400-992f-11ae-8080-808080808080,4
Bring supplies to space center,cb081980-d26a-11f4-8080-808080808080,49
Bring passengers to the moon,e918f700-cec3-11f4-8080-808080808080,51
Push the boundaries of human exploration,82db9800-ce21-11f4-8080-808080808080,133
Deploy satellites,b904f080-c16e-11f4-8080-808080808080,262
Bring supplies to space center,844e3900-bfb6-11f4-8080-808080808080,70
Find new forms of life,62f5e300-bb99-11f4-8080-808080808080,95
Bring passengers to the moon,ebbf4100-bafd-11f4-8080-808080808080,12
Land on Mars,08f98a00-b5a9-11f4-8080-808080808080,74
Deploy new internet beacons,42c56780-b3d4-11f4-8080-808080808080,130
Crew rotation,45393f00-a470-11f4-8080-808080808080,278
ISS assembly and maintenance: delivery of Quest Airlock,d5254000-76a4-11d5-8080-808080808080,13
"First Spacelab (orbital laboratory) mission. First ESA astronaut, first West German astronaut and first non-American on US flight (Merbold).",a7d80000-b570-11c1-8080-808080808080,10
Go to edge of solar system,e2909d80-85e7-11eb-8080-808080808080,261
Bring supplies to space center,2905cf80-84f6-11eb-8080-808080808080,347
Push the boundaries of human exploration,ec0aa780-819a-11eb-8080-808080808080,122
Bring supplies to space center,c99b5180-8015-11eb-8080-808080808080,60
Crew rotation,1c89b600-7d43-11eb-8080-808080808080,10
Push the boundaries of human exploration,7aef5f80-7c83-11eb-8080-808080808080,118
Bring supplies to space center,d59ee500-7453-11eb-8080-808080808080,32
Push the boundaries of human exploration,46574a80-6d4c-11eb-8080-808080808080,121
Test new spacecraft model,b6556480-6864-11eb-8080-808080808080,16
Land on Mars,32dd5180-5e28-11eb-8080-808080808080,324
ISS supply and assembly: delivery of Canadarm2 robotic arm. First European on board ISS (Guidoni). First Canadian EVA(Hadfield).,61cfc000-34f3-11d5-8080-808080808080,12
First expedition to Mir. Last expedition to Salyut 7.,3e496600-4642-11c4-8080-808080808080,125
Day-long flight. Completed 17 Earth orbits. Brief manual control by pilot.,5c2ac800-b191-11a8-8080-808080808080,1
ISS crew rotation.,16524000-9099-11e0-8080-808080808080,168
First African-American in space (Bluford). First night launch and landing. Deployed INSAT-1B satellite for India. Observation of behavior of rats in space.,65673000-6e68-11c1-8080-808080808080,6
SPACEHAB-2: materials science and life sciences investigations. Wake Shield Facility-1 deployment. Medical and radiological investigations. First Russian to fly aboard the Space Shuttle (Krikalev).,66223400-2081-11cd-8080-808080808080,8
Missing Summary,e64c6a00-0936-11c7-8080-808080808080,241
Missing Summary,7fc28000-af57-11bc-8080-808080808080,74
Push the boundaries of human exploration,5a4d3300-d007-11ec-8080-808080808080,231
Crew rotation,5be25400-c7da-11ec-8080-808080808080,228
Tourist flight,f2dbb180-c537-11ec-8080-808080808080,100
Bring passengers to the moon,54723080-c4e4-11ec-8080-808080808080,19
Crew rotation,f5ecda00-bda0-11ec-8080-808080808080,180
Bring supplies to space center,88129980-bb79-11ec-8080-808080808080,259
Land on Mars,e61f0a00-b5d8-11ec-8080-808080808080,66
Land on Mars,42483800-b4cc-11ec-8080-808080808080,122
Bring passengers to the moon,7db6cf80-b177-11ec-8080-808080808080,63
Go to edge of solar system,18aede80-a91a-11ec-8080-808080808080,7
Deployment of communications satellite. Miscellaneous science experiments.,fe840200-1716-11c4-8080-808080808080,6
ISS crew rotation.,4271c000-07de-11e0-8080-808080808080,160
ISS crew rotation and assembly,e5cf0000-80fa-11dc-8080-808080808080,15
"First mission for the U.S. Department of Defense. Classified payload, possibly intelligence-gathering satellite.",90d58200-01f6-11c3-8080-808080808080,3
Miscellaneous scientific experiments. First Vietnamese and first Asian outside USSR in space (Tuan).,68589600-f47c-11bd-8080-808080808080,8
Crew rotation,1c5ddb00-f8c7-11f2-8080-808080808080,129
Land on Mars,485cda80-be07-11f2-8080-808080808080,26
Bring passengers to the moon,abd45480-b61e-11f2-8080-808080808080,215
Push the boundaries of human exploration,c7d94180-a436-11f2-8080-808080808080,16
Find new forms of life,b9503480-a327-11f2-8080-808080808080,39
Deploy new internet beacons,2cbbbd00-9c29-11f2-8080-808080808080,218
Deploy new internet beacons,e3a4f980-9906-11f2-8080-808080808080,157
Deploy satellites,2738c880-941a-11f2-8080-808080808080,126
Find new forms of life,1a7c6080-91df-11f2-8080-808080808080,80
Go to edge of solar system,cef9a800-8817-11f2-8080-808080808080,25
Mir crew rotation.,005eea00-3292-11d2-8080-808080808080,380
"Delivery of experiments, logistics, and crew rotation",baa44000-9365-11de-8080-808080808080,14
First winged craft in space. Reached altitude of 106km.,6972c000-e0e5-11aa-8080-808080808080,0
Capture and return to Earth of Space Flyer Unit (Japanese microgravity research spacecraft).,287a9e00-4bfc-11cf-8080-808080808080,9
Crew rotation,0b43a800-10d0-11ef-8080-808080808080,104
Find new forms of life,9b009c80-09d4-11ef-8080-808080808080,48
Deploy new internet beacons,f7402e00-02fb-11ef-8080-808080808080,81
Push the boundaries of human exploration,70218080-f767-11ee-8080-808080808080,103
Tourist flight,b7392700-f557-11ee-8080-808080808080,51
Crew rotation,21b92400-f160-11ee-8080-808080808080,137
Crew rotation,63928d80-f0c0-11ee-8080-808080808080,24
Go to edge of solar system,e6affd00-e72a-11ee-8080-808080808080,75
Bring supplies to space center,7bb6ba00-e4cf-11ee-8080-808080808080,232
Bring supplies to space center,a594c000-e480-11ee-8080-808080808080,127
Deployment and retrieval of Wake Shield Facility and German-built Orbiting and Retrievable Far and Extreme Ultraviolet Spectrograph-Shuttle Pallet Satellite II (ORFEUS-SPAS II).,ca204200-4246-11d0-8080-808080808080,18
Missing Summary,de0da200-c601-11d5-8080-808080808080,10
Deploy new internet beacons,9af6ff80-45e2-11f1-8080-808080808080,329
Land on Mars,ac30cb00-42c7-11f1-8080-808080808080,160
Bring supplies to space center,1d538c80-428e-11f1-8080-808080808080,28
Tourist flight,69d59400-41ca-11f1-8080-808080808080,115
Tourist flight,e4de4f80-3526-11f1-8080-808080808080,288
Go to edge of solar system,c29b5200-2e01-11f1-8080-808080808080,126
Deploy satellites,782e4880-28ca-11f1-8080-808080808080,266
Land on Mars,3288e300-2300-11f1-8080-808080808080,40
Deploy new internet beacons,f7eadd80-1d36-11f1-8080-808080808080,95
Deploy satellites,c4614680-1add-11f1-8080-808080808080,211
Fifth human spaceflight and second manned space station docking for China.,dbf08000-d229-11e2-8080-808080808080,15
Launch failed due to fire. Crew ejected.,ac1b5c00-840d-11c1-8080-808080808080,0
ISS crew rotation.,aae00000-72a3-11e4-8080-808080808080,200
Final Shuttle-Mir docking. Mir crew rotation and resupply. Astrophysics research.,de611400-fa65-11d1-8080-808080808080,10
First human spaceflight of commercial spaceship.,9252be00-c391-11d8-8080-808080808080,0
ISS crew rotation. Space tourist flight.,ed9ac000-e49a-11db-8080-808080808080,197
ISS crew rotation.,96844000-1ca4-11e2-8080-808080808080,144
Astronomical observations.,48d78a00-c144-11b7-8080-808080808080,30
Hubble Space Telescope servicing mission.,8162ca00-83ec-11d0-8080-808080808080,10
Delivery of Japanese exposed facility and crew rotation,70774000-70d2-11de-8080-808080808080,16
ISS crew rotation.,3c0bec00-012d-11d8-8080-808080808080,10
First rendezvous with two different objects.,05e96800-3e15-11ae-8080-808080808080,3
Bring supplies to space center,7ad3e880-b99f-11ed-8080-808080808080,333
Land on Mars,7f13d080-b7fc-11ed-8080-808080808080,6
Deploy satellites,07b12780-b5d7-11ed-8080-808080808080,0
Crew rotation,b31c0580-af61-11ed-8080-808080808080,31
Tourist flight,7ec81c80-ae6f-11ed-8080-808080808080,304
Crew rotation,2ba93080-aa4f-11ed-8080-808080808080,297
Tourist flight,c08e3880-aa13-11ed-8080-808080808080,74
Find new forms of life,cc91d180-a911-11ed-8080-808080808080,9
Deploy new internet beacons,acb37580-a4ed-11ed-8080-808080808080,266
Deploy new internet beacons,64d52400-a4d6-11ed-8080-808080808080,202
ISS crew rotation and assemblyFirst Swede in space (Fuglesang),60dc4000-87e1-11db-8080-808080808080,12
Tourist flight,0d902680-7ef8-11f7-8080-808080808080,29
Land on Mars,b8a26b00-7a34-11f7-8080-808080808080,212
Deploy new internet beacons,1b3db380-6a01-11f7-8080-808080808080,90
Test new spacecraft model,610d1b80-6691-11f7-8080-808080808080,11
Bring supplies to space center,7a2d5b00-6292-11f7-8080-808080808080,129
Find new forms of life,7dfd3b80-52eb-11f7-8080-808080808080,308
Push the boundaries of human exploration,3ce59700-4c1a-11f7-8080-808080808080,109
Tourist flight,33c88480-482c-11f7-8080-808080808080,106
Deploy satellites,c4bfdb80-43a6-11f7-8080-808080808080,183
Find new forms of life,752cc300-4273-11f7-8080-808080808080,218
Salyut 6 crew rotation.,82aafc00-605d-11bc-8080-808080808080,175
Three communications satellites deployed. Demonstration of in-orbit construction techniques. First Mexican in space (Neri Vela).,667aa800-f291-11c3-8080-808080808080,6
"First American manned suborbital spaceflight (altitude 187 kilometres, 116 miles).",2396fc00-68cd-11a8-8080-808080808080,0
"LDEF deployed for later retrieval. Capture, repair and redeployment of malfunctioning Solar Maximum Mission satellite.",267c2400-1b87-11c2-8080-808080808080,7
Mir repair.,848db000-0da8-11d1-8080-808080808080,198
First three person U.S. crew. Launched over 20 months after Apollo 1 fatalities.,a3954a00-beed-11b0-8080-808080808080,11
ISS crew rotation and assembly,17a40000-eefe-11dc-8080-808080808080,16
ISS crew rotation.,05354000-ce10-11e1-8080-808080808080,127
"U.S. Department of Defense mission. Classified payload, reportedly reconnaissance satellite. First African-American Shuttle Commander.",ca586800-6b7b-11c8-8080-808080808080,5
Find new forms of life,e38e6f00-d84f-11ea-8080-808080808080,93
Crew rotation,530f3c00-d734-11ea-8080-808080808080,172
Crew rotation,c81d6180-cd83-11ea-8080-808080808080,30
Bring passengers to the moon,f9ebc280-c10b-11ea-8080-808080808080,270
Test new spacecraft model,797b5680-beac-11ea-8080-808080808080,75
Find new forms of life,ac094e80-bddb-11ea-8080-808080808080,186
Deploy new internet beacons,60134400-b7f4-11ea-8080-808080808080,28
Crew rotation,04af7380-ad69-11ea-8080-808080808080,260
Bring passengers to the moon,2db82780-a3ab-11ea-8080-808080808080,92
Land on Mars,40d8dc80-986e-11ea-8080-808080808080,205
Mir crew rotation and resupply. First joint US-Russian space walk.,58f3b000-ccfa-11d0-8080-808080808080,9
Spacelab-2 mission. Miscellaneous science experiments. Three communications satellites deployed.,7096b200-9429-11c3-8080-808080808080,8
Bring passengers to the moon,a8a56100-8357-11f1-8080-808080808080,164
Crew rotation,0cbfd200-7fb2-11f1-8080-808080808080,16
Push the boundaries of human exploration,0eeeee80-7bb6-11f1-8080-808080808080,64
Find new forms of life,e1faf700-7b35-11f1-8080-808080808080,54
Find new forms of life,0e8af500-7923-11f1-8080-808080808080,342
Push the boundaries of human exploration,543be400-6556-11f1-8080-808080808080,172
Go to edge of solar system,95ea4080-586e-11f1-8080-808080808080,14
Bring passengers to the moon,df124d00-5488-11f1-8080-808080808080,11
Deploy satellites,b473f900-4c2b-11f1-8080-808080808080,247
Deploy new internet beacons,ca1dc000-4998-11f1-8080-808080808080,99
Atmospheric and solar observations.,73f5f400-cc24-11cd-8080-808080808080,11
Second test of redesigned Soyuz capsule.Astrophysical observations.,b1a20200-8f44-11b6-8080-808080808080,8
Missing Summary,2c6dc200-c84f-11c6-8080-808080808080,10
ISS assembly and supply.,5aa12800-4b31-11d6-8080-808080808080,11
Salyut 6 crew rotation.,88034600-9842-11bb-8080-808080808080,140
Rendezvous maneuver with Mir. First female pilot (Collins). SPACEHAB-3: miscellaneous science experiments. First EVA by an African-American astronaut (Harris).,50a44c00-3f19-11ce-8080-808080808080,8
Docking system tests.,be6b2400-f99f-11cb-8080-808080808080,179
"U.S. Department of Defense mission. Classified payload, reportedly reconnaissance satellite.",186e2600-84c7-11c9-8080-808080808080,5
ISS supply. Preparation for first long-term crew.,d7e76e00-8585-11d4-8080-808080808080,12
ISS crew rotation.,8b7d4000-473f-11e3-8080-808080808080,188
Atmospheric research.,95102800-f72f-11cd-8080-808080808080,11
ISS construction and supply. Delivery of the first set of solar arrays and batteries.,dff31c00-c736-11d4-8080-808080808080,10
"ISS crew rotation, assembly and supply.",0ee88400-8dd4-11d5-8080-808080808080,12
"Microgravity, human physiology and life sciences research.",dbec9600-caaa-11cf-8080-808080808080,17
Failed to reach orbit due to malfunction.,a7984400-02ec-11b8-8080-808080808080,0
Crew rotation,92267800-d67d-11f6-8080-808080808080,29
Go to edge of solar system,f5906d00-d340-11f6-8080-808080808080,78
Deploy satellites,ab27b880-d1a7-11f6-8080-808080808080,215
Bring passengers to the moon,7c748400-cc75-11f6-8080-808080808080,19
Bring passengers to the moon,361b9580-c675-11f6-8080-808080808080,124
Find new forms of life,f9c64080-bb70-11f6-8080-808080808080,170
Push the boundaries of human exploration,16bf9b80-b501-11f6-8080-808080808080,31
Bring passengers to the moon,8a28f980-ac33-11f6-8080-808080808080,232
Deploy satellites,f6b8d100-ab2b-11f6-8080-808080808080,45
Go to edge of solar system,ec829400-a806-11f6-8080-808080808080,139
Ansari X Prize flight #1.,0cfd6600-122a-11d9-8080-808080808080,0
First Soyuz mission since the collapse of the USSR.,3ce85400-03d4-11cb-8080-808080808080,8
Salyut 6 refurbishment.,d34c1c00-5824-11be-8080-808080808080,13
Crashed on re-entry. First fatality during spaceflight.,a38a3000-189c-11af-8080-808080808080,1
First instance of two manned spacecraft in orbit simultaneously.,403fcc00-d533-11a9-8080-808080808080,3
German-sponsored Spacelab flight: miscellaneous science experiments.,23cfdc00-416c-11cc-8080-808080808080,10
Mir crew rotation. First EVA by a German cosmonaut (Reiter).,e480e800-e5ce-11ce-8080-808080808080,179
Failed to board Salyut 5 space station.,b3af9800-b99e-11b9-8080-808080808080,2
Further system testing. Miscellaneous scientific experiments and Earth science observations.,99620000-d162-11bf-8080-808080808080,8
ISS assembly and supply. Delivery of Alpha Magnetic Spectrometer. Delivery of ELC3. Final flight of Endeavour.,713bc000-7f4f-11e0-8080-808080808080,16
ISS crew rotation.,6bba0000-2575-11e3-8080-808080808080,167
Final space shuttle R&D flight. Miscellaneous scientific experiments plus classified US Air Force payload.,49af5800-1d93-11c0-8080-808080808080,7
Push the boundaries of human exploration,0c93ab80-9ca1-11f4-8080-808080808080,295
Find new forms of life,18964500-9b9d-11f4-8080-808080808080,177
Find new forms of life,7cf95780-9625-11f4-8080-808080808080,8
Find new forms of life,14913480-8836-11f4-8080-808080808080,155
Tourist flight,ddda7d80-827b-11f4-8080-808080808080,6
Deploy new internet beacons,9093d880-81b5-11f4-8080-808080808080,88
Deploy satellites,e7a00a80-7b30-11f4-8080-808080808080,200
Test new spacecraft model,1b0e2c80-77f3-11f4-8080-808080808080,54
Test new spacecraft model,e866f880-7594-11f4-8080-808080808080,21
Bring passengers to the moon,1ce99e80-751a-11f4-8080-808080808080,12
Push the boundaries of human exploration,e15ab900-3c0c-11f2-8080-808080808080,18
Deploy satellites,21d8fc00-3a80-11f2-8080-808080808080,24
Bring supplies to space center,55248f80-306b-11f2-8080-808080808080,108
Go to edge of solar system,a3506a80-2f67-11f2-8080-808080808080,109
Go to edge of solar system,27292a80-2e74-11f2-8080-808080808080,160
Test new spacecraft model,299b3400-2b97-11f2-8080-808080808080,165
Go to edge of solar system,00903300-2794-11f2-8080-808080808080,121
Crew rotation,0fe97200-2616-11f2-8080-808080808080,136
Deploy satellites,ccb9c280-24a0-11f2-8080-808080808080,157
Land on Mars,7430cc80-22ca-11f2-8080-808080808080,157
ISS crew rotation.,c85cc000-ac58-11e6-8080-808080808080,197
ISS assembly Delivery of Tranquility and Cupola,e6634000-1444-11df-8080-808080808080,14
Mir crew rotation. Technology experiments. First European EVA (Chr̩tien).,7a55be00-4f86-11c7-8080-808080808080,25
First Czech astronaut and first astronaut not from USA or USSR (Remek).,c3318000-4597-11bb-8080-808080808080,8
Deploy satellites,bcb09300-21c1-11f2-8080-808080808080,21
Deploy satellites,08762480-214f-11f2-8080-808080808080,163
Test new spacecraft model,1d9bb980-18ec-11f2-8080-808080808080,271
Push the boundaries of human exploration,91e30e00-1609-11f2-8080-808080808080,216
Crew rotation,23c31c00-1521-11f2-8080-808080808080,138
Tourist flight,02dac800-1448-11f2-8080-808080808080,225
Tourist flight,6e18a000-1430-11f2-8080-808080808080,207
Land on Mars,61207c00-0888-11f2-8080-808080808080,89
Land on Mars,77a2b980-0675-11f2-8080-808080808080,305
Land on Mars,98c2c600-05f3-11f2-8080-808080808080,122
Go to edge of solar system,abcdc500-782d-11f6-8080-808080808080,188
Go to edge of solar system,17732080-75e9-11f6-8080-808080808080,4
Deploy new internet beacons,21f5b800-5f60-11f6-8080-808080808080,74
Tourist flight,a15bc480-4134-11f6-8080-808080808080,190
Bring supplies to space center,4cf55d80-19ab-11f6-8080-808080808080,135
Go to edge of solar system,1668f700-1874-11f6-8080-808080808080,84
Find new forms of life,6a042200-182d-11f6-8080-808080808080,11
Test new spacecraft model,3174cc00-1387-11f6-8080-808080808080,171
Tourist flight,d8428b00-09cb-11f6-8080-808080808080,16
Push the boundaries of human exploration,c2c7b580-0295-11f6-8080-808080808080,27
ISS crew rotation.,98ae8e00-ad47-11d9-8080-808080808080,179
Crew rotation,9df6d400-f487-11f5-8080-808080808080,50
Go to edge of solar system,22b39f00-effd-11f5-8080-808080808080,113
Go to edge of solar system,a8e5d500-e569-11f5-8080-808080808080,86
Bring passengers to the moon,61255780-e45c-11f5-8080-808080808080,42
Tourist flight,b3d82280-e40e-11f5-8080-808080808080,132
Crew rotation,7e6e1a00-c4dd-11f5-8080-808080808080,76
Go to edge of solar system,79849000-bb05-11f5-8080-808080808080,49
Push the boundaries of human exploration,e3648600-b237-11f5-8080-808080808080,7
Bring supplies to space center,fdca2280-b0c4-11f5-8080-808080808080,109
Land on Mars,50fa9180-b041-11f5-8080-808080808080,48
Find new forms of life,73e1ee00-cd56-11eb-8080-808080808080,17
Find new forms of life,f94c7080-cac0-11eb-8080-808080808080,250
Land on Mars,ca13d600-c818-11eb-8080-808080808080,182
Deploy new internet beacons,9f255880-c645-11eb-8080-808080808080,338
Tourist flight,0f827d00-c480-11eb-8080-808080808080,222
Deploy new internet beacons,a6263f80-c395-11eb-8080-808080808080,180
Tourist flight,82f03e80-bfe9-11eb-8080-808080808080,26
Go to edge of solar system,f25d2400-bf3e-11eb-8080-808080808080,59
Crew rotation,9d66c400-bdff-11eb-8080-808080808080,286
Push the boundaries of human exploration,725c3780-bac2-11eb-8080-808080808080,197
Mir crew rotation and resupply.,347ce600-834f-11d0-8080-808080808080,20
Test new spacecraft model,78b7c400-26d9-11eb-8080-808080808080,228
Find new forms of life,53b1ba00-2024-11eb-8080-808080808080,77
Find new forms of life,50631400-0bc7-11eb-8080-808080808080,13
Bring supplies to space center,dd410a00-0503-11eb-8080-808080808080,103
Tourist flight,8ce54780-01a5-11eb-8080-808080808080,67
Go to edge of solar system,b7e8b500-f8e2-11ea-8080-808080808080,134
Crew rotation,662bd280-dfa4-11ea-8080-808080808080,217
Find new forms of life,4e186c80-df2c-11ea-8080-808080808080,4
Tourist flight,a7567680-dc74-11ea-8080-808080808080,21
Go to edge of solar system,d0fd7b00-da85-11ea-8080-808080808080,89
Bring passengers to the moon,8cd54300-3d82-11f8-8080-808080808080,57
Land on Mars,94069d80-366c-11f8-8080-808080808080,146
Land on Mars,2d082b00-2f80-11f8-8080-808080808080,23
Test new spacecraft model,db0f9d00-2d14-11f8-8080-808080808080,75
Deploy new internet beacons,1711ea80-2ae8-11f8-8080-808080808080,97
Bring passengers to the moon,61e9f300-2899-11f8-8080-808080808080,18
Tourist flight,7e491880-1b94-11f8-8080-808080808080,112
Deploy new internet beacons,3787c400-18f1-11f8-8080-808080808080,20
Bring supplies to space center,32bdbb80-1551-11f8-8080-808080808080,99
Test new spacecraft model,42a41400-0e5c-11f8-8080-808080808080,43
Failed to board Salyut 6 space station. First Bulgarian in space (Ivanov).,4c30f400-8320-11bc-8080-808080808080,2
Deploy new internet beacons,e0237780-e334-11ef-8080-808080808080,63
Tourist flight,44cfae00-e14c-11ef-8080-808080808080,58
Find new forms of life,5eb9c280-e145-11ef-8080-808080808080,29
Go to edge of solar system,fb973580-e049-11ef-8080-808080808080,221
Go to edge of solar system,05481580-dbd2-11ef-8080-808080808080,14
Find new forms of life,1a359200-db5b-11ef-8080-808080808080,141
Land on Mars,78c40a00-d9bb-11ef-8080-808080808080,19
Find new forms of life,42cfa900-d28a-11ef-8080-808080808080,173
Tourist flight,8a90dd80-d09c-11ef-8080-808080808080,109
Land on Mars,9657e680-c7f6-11ef-8080-808080808080,36
ISS crew rotation.,ea028000-9e20-11e1-8080-808080808080,125
Fourth lunar landing. First Lunar Rover. First deep space EVA.,64491400-def5-11b3-8080-808080808080,12
First one week spaceflight. Cooper becomes the first person to orbit the Earth on two different missions.,55c97000-39b5-11ad-8080-808080808080,8
Deploy new internet beacons,d4316c80-c3e5-11ee-8080-808080808080,76
Tourist flight,ed0d9400-bcfa-11ee-8080-808080808080,20
Go to edge of solar system,d5d5f480-b5de-11ee-8080-808080808080,47
Crew rotation,c6ad5480-b4c1-11ee-8080-808080808080,166
Push the boundaries of human exploration,c0f34700-b4a0-11ee-8080-808080808080,2
Go to edge of solar system,cc0c5580-b1c8-11ee-8080-808080808080,116
Find new forms of life,d1576080-aea7-11ee-8080-808080808080,198
Deploy new internet beacons,0fd42780-ae76-11ee-8080-808080808080,47
Bring supplies to space center,1a97a980-adef-11ee-8080-808080808080,187
Go to edge of solar system,1a799b80-ac81-11ee-8080-808080808080,254
Mir crew rotation.,9055d400-7610-11cc-8080-808080808080,197
Bring supplies to space center,eeb94580-721f-11f4-8080-808080808080,62
Crew rotation,2b2a7880-7203-11f4-8080-808080808080,156
Land on Mars,ca971200-702f-11f4-8080-808080808080,34
Tourist flight,1cf21780-6fcb-11f4-8080-808080808080,135
Crew rotation,cc9d9a00-6f77-11f4-8080-808080808080,306
Go to edge of solar system,35a86080-692d-11f4-8080-808080808080,94
Test new spacecraft model,5e3c9780-6182-11f4-8080-808080808080,54
Land on Mars,4ee20200-5f68-11f4-8080-808080808080,255
Find new forms of life,d9fe4d80-59e6-11f4-8080-808080808080,23
Bring passengers to the moon,d6d11080-5553-11f4-8080-808080808080,35
Missing Summary,9dc6f800-aace-11be-8080-808080808080,75
Mir crew rotation and resupply.,e388dc00-3617-11d1-8080-808080808080,10
Delivery of final solar power generation module and crew rotation,3a11c000-10f4-11de-8080-808080808080,14
First East German in space (J_hn).,eb162200-d0a8-11bb-8080-808080808080,8
Assessment of Salyut 5 stations military surveillance capabilities.,e4e51600-6adb-11b9-8080-808080808080,49
Crew rotation,1898d900-88ae-11ec-8080-808080808080,119
Test new spacecraft model,8efc8d80-840d-11ec-8080-808080808080,353
Bring passengers to the moon,ae46dc80-8373-11ec-8080-808080808080,44
Go to edge of solar system,8268d700-7fc0-11ec-8080-808080808080,86
Land on Mars,0bb0ad00-7d26-11ec-8080-808080808080,152
Push the boundaries of human exploration,00834300-7ba7-11ec-8080-808080808080,304
Land on Mars,50a12d80-7462-11ec-8080-808080808080,192
Go to edge of solar system,f0945800-71d1-11ec-8080-808080808080,149
Crew rotation,13751e00-70a5-11ec-8080-808080808080,188
Deploy new internet beacons,56756280-6c5b-11ec-8080-808080808080,4
ISS crew rotation.,986a4000-0e53-11e1-8080-808080808080,165
Test flight of new Soyuz design following Soyuz 11 disaster.,524dcc00-4ed8-11b6-8080-808080808080,2
First Hubble Space Telescope repair servicing mission.,a1b94a00-eee8-11cc-8080-808080808080,11
Tested Lunar Module in low lunar orbit.,25b2a600-6aaf-11b1-8080-808080808080,8
Mir crew rotation.,11fe6e00-0c01-11cd-8080-808080808080,182
Research into long-term stays in space.,bdda8c00-298e-11b8-8080-808080808080,63
Mir crew rotation and maintenance.,e2e92c00-4915-11c5-8080-808080808080,175
Tested Lunar Module in low Earth orbit.,e95db800-2f4b-11b1-8080-808080808080,10
ISS crew rotation.,02eec000-e5fb-11e3-8080-808080808080,166
Mir crew rotation.,39216c00-df03-11cd-8080-808080808080,170
ISS construction and outfitting. 100th Space Shuttle mission.,999dfe00-9fcc-11d4-8080-808080808080,13
Miscellaneous scientific experiments. First Spaniard in space (Duque). Veteran John Glenn returned to space aged 77.,398b2a00-6f64-11d2-8080-808080808080,9
Crew rotation,d0a7d400-e307-11ee-8080-808080808080,102
Bring passengers to the moon,dc518b80-e0b8-11ee-8080-808080808080,247
Push the boundaries of human exploration,cc495b80-dddb-11ee-8080-808080808080,118
Test new spacecraft model,63de3100-da0d-11ee-8080-808080808080,180
Deploy new internet beacons,18fce480-d94d-11ee-8080-808080808080,196
Push the boundaries of human exploration,74705f00-d63b-11ee-8080-808080808080,63
Push the boundaries of human exploration,0753bf80-d590-11ee-8080-808080808080,169
Go to edge of solar system,5182ff80-d0bd-11ee-8080-808080808080,301
Deploy satellites,b1202480-c8df-11ee-8080-808080808080,30
Go to edge of solar system,b3b52b00-c6e1-11ee-8080-808080808080,105
Bring supplies to space center,5b99af00-0fc0-11ee-8080-808080808080,44
Deploy new internet beacons,1f5b5400-0faa-11ee-8080-808080808080,52
Deploy new internet beacons,91e3b400-0b12-11ee-8080-808080808080,0
Deploy satellites,4117a700-0173-11ee-8080-808080808080,177
Deploy satellites,96685700-fe07-11ed-8080-808080808080,66
Land on Mars,b205b780-f873-11ed-8080-808080808080,167
Find new forms of life,220e0100-eb44-11ed-8080-808080808080,29
Go to edge of solar system,e3754280-e07d-11ed-8080-808080808080,256
Deploy new internet beacons,1c210780-dffd-11ed-8080-808080808080,41
Deploy new internet beacons,7be18f00-dd2d-11ed-8080-808080808080,6
Investigation of air quality on board Salyut 5.,a07a8800-14b9-11ba-8080-808080808080,18
First ISS construction mission. Delivery of Unity Node Module.,6912e200-8a8e-11d2-8080-808080808080,12
ISS assembly and crew rotationDelivery of Kibo Japanese Experiment Module,8319c000-2ea4-11dd-8080-808080808080,14
First Mongolian in space (G_rragchaa).,9b139200-b288-11be-8080-808080808080,8
Atmospheric research.,2a6d2600-0f33-11d1-8080-808080808080,12
First Cuban and first black person in space (Tamayo-Mendez).,28e0ba00-214c-11be-8080-808080808080,8
Communications satellite deployed. Miscellaneous scientific experiments. First senator in space (Garn).,32739200-3f0f-11c3-8080-808080808080,7
"Deployment of Tethered Satellite System (TSS-1R) (reflight, partial success). Microgravity research.",1ab94c00-6d56-11cf-8080-808080808080,16
Bring supplies to space center,70964000-53f1-11f9-8080-808080808080,57
Bring supplies to space center,bf3f6800-4f21-11f9-8080-808080808080,84
Deploy new internet beacons,3f060680-443b-11f9-8080-808080808080,77
Land on Mars,e9947e80-3dd6-11f9-8080-808080808080,100
Land on Mars,4589cf80-323b-11f9-8080-808080808080,140
Crew rotation,c5c67b80-2b3d-11f9-8080-808080808080,83
Deploy new internet beacons,07194e80-209b-11f9-8080-808080808080,50
Go to edge of solar system,0053aa00-1d30-11f9-8080-808080808080,70
Test new spacecraft model,e5b76c00-1671-11f9-8080-808080808080,18
Test new spacecraft model,ebb92a00-1557-11f9-8080-808080808080,273
Neuroscience research. Final Spacelab mission.,89398200-d620-11d1-8080-808080808080,16
Tourist flight,8d63fa00-a45b-11f9-8080-808080808080,70
Land on Mars,43305100-9a37-11f9-8080-808080808080,76
Land on Mars,d59f1200-8fac-11f9-8080-808080808080,282
Find new forms of life,d8afa080-8c42-11f9-8080-808080808080,176
Bring passengers to the moon,30d21f00-713a-11f9-8080-808080808080,221
Find new forms of life,61c96e80-6873-11f9-8080-808080808080,268
Test new spacecraft model,19f34800-5550-11f9-8080-808080808080,221
ISS crew rotation. Third space tourist (Olsen).,ffa8fc00-322e-11da-8080-808080808080,10
Launched commercial ANIK C-3 and SBS-C communications satellites. Planned EVA cancelled due to space suit malfunction.,7e781200-8924-11c0-8080-808080808080,5
Failed to board Salyut 6 space station.,9de38000-d404-11ba-8080-808080808080,2
Longest solo spaceflight.,0e6f1a00-c5c9-11aa-8080-808080808080,5
Hubble Space Telescope Servicing Mission 4,ab9d8000-3dbe-11de-8080-808080808080,13
Deploy satellites,69b27200-e82b-11f7-8080-808080808080,56
Deploy satellites,e4502000-e274-11f7-8080-808080808080,85
Bring supplies to space center,d3c18a80-e21f-11f7-8080-808080808080,245
Find new forms of life,ea559380-de65-11f7-8080-808080808080,124
Find new forms of life,082ae600-dddd-11f7-8080-808080808080,186
Deploy new internet beacons,ef170f00-dbfb-11f7-8080-808080808080,51
Bring supplies to space center,ee27a400-db4d-11f7-8080-808080808080,269
Test new spacecraft model,d0789e80-d591-11f7-8080-808080808080,238
Deploy satellites,9770ea80-d428-11f7-8080-808080808080,149
Deploy satellites,43221980-d307-11f7-8080-808080808080,143
Bring passengers to the moon,1624cc00-14f3-11f9-8080-808080808080,115
Crew rotation,979f6800-f6c4-11f8-8080-808080808080,51
Push the boundaries of human exploration,8c081f00-e918-11f8-8080-808080808080,77
Go to edge of solar system,55c59380-e875-11f8-8080-808080808080,11
Deploy satellites,2bf25c80-e70f-11f8-8080-808080808080,48
Go to edge of solar system,00494580-d99f-11f8-8080-808080808080,4
Push the boundaries of human exploration,fca27100-d5e2-11f8-8080-808080808080,25
Push the boundaries of human exploration,81926b00-d4bb-11f8-8080-808080808080,228
Test new spacecraft model,6f985a80-c503-11f8-8080-808080808080,18
Find new forms of life,83d74b80-c460-11f8-8080-808080808080,78
Tourist flight,27836100-0991-11f8-8080-808080808080,7
Push the boundaries of human exploration,d6b81080-07b6-11f8-8080-808080808080,137
Deploy new internet beacons,7f5d4900-05da-11f8-8080-808080808080,35
Tourist flight,46ed4900-05a1-11f8-8080-808080808080,157
Crew rotation,a7df0c00-036a-11f8-8080-808080808080,29
Crew rotation,b8f02600-0261-11f8-8080-808080808080,176
Deploy satellites,80ed4100-fbd8-11f7-8080-808080808080,223
Go to edge of solar system,6aea6c80-fb55-11f7-8080-808080808080,326
Land on Mars,0f05b680-f8bd-11f7-8080-808080808080,59
Deploy satellites,e5329700-edc8-11f7-8080-808080808080,146
Crew rotation,2497e800-f2ca-11f6-8080-808080808080,109
Bring passengers to the moon,b00b2500-ef28-11f6-8080-808080808080,158
Bring passengers to the moon,a7de8b80-ec83-11f6-8080-808080808080,172
Land on Mars,3a67df00-e8c0-11f6-8080-808080808080,97
Test new spacecraft model,e04f1700-e7f6-11f6-8080-808080808080,41
Tourist flight,331bd500-e7dd-11f6-8080-808080808080,7
Find new forms of life,592d3680-e4b8-11f6-8080-808080808080,160
Tourist flight,37572e00-e038-11f6-8080-808080808080,86
Land on Mars,1acd9580-dcc8-11f6-8080-808080808080,80
Tourist flight,32aa0880-dc39-11f6-8080-808080808080,96
ISS crew rotation.,39880000-e2bd-11e7-8080-808080808080,168
Microgravity and Earth science research. First Israeli in space (Ramon). Broke up during re-entry with loss of all crew.,a1e20200-2968-11d7-8080-808080808080,16
First manned flight of the Soyuz T.,f8c52200-cea0-11bd-8080-808080808080,4
ISS logistics and crew rotation,587fc000-b2a8-11dd-8080-808080808080,15
Held altitude record prior to lunar missions (1374km).,51b02c00-69d6-11ae-8080-808080808080,3
Push the boundaries of human exploration,babf4d80-60e8-11ea-8080-808080808080,242
Tourist flight,d0cae380-5f19-11ea-8080-808080808080,53
Find new forms of life,1594ce80-599e-11ea-8080-808080808080,80
Crew rotation,17f8d080-560c-11ea-8080-808080808080,17
Test new spacecraft model,6bf11000-4ebc-11ea-8080-808080808080,308
Tourist flight,f721b700-4d91-11ea-8080-808080808080,19
Land on Mars,ee999400-4d31-11ea-8080-808080808080,2
Go to edge of solar system,80bd8000-4cd1-11ea-8080-808080808080,212
Push the boundaries of human exploration,7bd96780-47cb-11ea-8080-808080808080,188
Land on Mars,9670f980-4755-11ea-8080-808080808080,163
First three-craft spaceflight.,6f62c800-df4b-11b1-8080-808080808080,5
Find new forms of life,87b33000-fad9-11f0-8080-808080808080,32
Deploy new internet beacons,92eb3d80-f8d8-11f0-8080-808080808080,147
Deploy new internet beacons,34a46780-f8a4-11f0-8080-808080808080,275
Land on Mars,fb76d500-f787-11f0-8080-808080808080,102
Push the boundaries of human exploration,ae14bb00-f12a-11f0-8080-808080808080,68
Crew rotation,87a03400-eff3-11f0-8080-808080808080,31
Push the boundaries of human exploration,783a9580-ed2a-11f0-8080-808080808080,76
Find new forms of life,49cf8580-eb85-11f0-8080-808080808080,113
Crew rotation,a6731f00-e7d8-11f0-8080-808080808080,104
Crew rotation,8543fd00-e70a-11f0-8080-808080808080,42
First human spaceflight of the Peoples Republic of China.,e6c0a800-feaa-11d7-8080-808080808080,0
Atmospheric Laboratory for Applications and Science (ATLAS-1): international experiments in atmospheric and astronomical research. First Belgian in space (Frimout).,ad105000-0967-11cb-8080-808080808080,9
ISS crew rotation.,986dc000-3004-11e5-8080-808080808080,142
ISS crew rotation.,32460000-ad54-11de-8080-808080808080,169
ISS crew rotation.,ae480000-3dea-11df-8080-808080808080,176
Radar mapping of Earth and atmospheric research.,875a1600-538b-11cd-8080-808080808080,11
Go to edge of solar system,c2c7c000-6186-11f3-8080-808080808080,177
Bring supplies to space center,da8cca80-5c01-11f3-8080-808080808080,9
Land on Mars,5f1b2100-5be1-11f3-8080-808080808080,259
Tourist flight,f9299c00-5bd6-11f3-8080-808080808080,130
Bring supplies to space center,59aea400-595f-11f3-8080-808080808080,128
Push the boundaries of human exploration,517a7d00-50b2-11f3-8080-808080808080,123
Deploy satellites,f8550100-4f6c-11f3-8080-808080808080,210
Test new spacecraft model,57f6c380-4e2a-11f3-8080-808080808080,10
Go to edge of solar system,1ee8e700-4aea-11f3-8080-808080808080,56
Deploy satellites,0efce300-4aa9-11f3-8080-808080808080,25
First docking in space in history with Agena Target Vehicle Planned EVA canceled due to early re-entry necessitated by stuck thruster.,1f1ab600-dc75-11ad-8080-808080808080,1
Tourist flight,59053e00-48e1-11ec-8080-808080808080,31
Tourist flight,1a245200-44b5-11ec-8080-808080808080,93
Go to edge of solar system,9bd70680-1e9a-11ec-8080-808080808080,89
Land on Mars,303e3f00-1cca-11ec-8080-808080808080,66
Crew rotation,5b803600-10ef-11ec-8080-808080808080,302
Bring supplies to space center,7b94e000-04c7-11ec-8080-808080808080,145
Deploy satellites,4a9df980-fcd6-11eb-8080-808080808080,126
Find new forms of life,560aa780-e35b-11eb-8080-808080808080,55
Deploy new internet beacons,ffea5a00-da66-11eb-8080-808080808080,50
Deploy new internet beacons,1ce15080-cfc4-11eb-8080-808080808080,161
ISS crew rotation.,b2df8000-7327-11e7-8080-808080808080,139
Lunar landing aborted following explosion en route.,b74e8600-6d07-11b2-8080-808080808080,6
"U.S. Department of Defense mission. Part-classified payload, including various science experiments and observations.",ba4a7200-053f-11ca-8080-808080808080,8
"Ansari X Prize flight #2, winning the prize.",86bf9600-1614-11d9-8080-808080808080,0
Spacelab life sciences mission.,b7cdae00-cbb9-11cc-8080-808080808080,14
Mir crew rotation. Biological experiments and astronomical observations.,1fc1e400-436b-11c6-8080-808080808080,8
Medical and materials science experiments. Mir repairs.,50e5f000-94cf-11cd-8080-808080808080,126
First two-week spaceflight. First space rendezvous in history with Gemini 6A.,d4e16c00-8c65-11ad-8080-808080808080,14
Deployment of fifth Tracking and Data Relay Satellite (TDRS-F). Diffuse X-ray Spectrometer (DXS) and microgravity experiments.,8eb95200-f13d-11cb-8080-808080808080,6
ERBS satellite deployed. Radar imaging. First EVA by an American woman (Sullivan). First Canadian in space (Garneau). First flight including two women.,c2bcb000-aa70-11c2-8080-808080808080,8
Magellan probe deployed.,20bd9200-cc90-11c7-8080-808080808080,4
ISS crew rotation.,f0d98000-7810-11df-8080-808080808080,164
ISS assembly and supply. Final flight of Atlantis. Final mission of the Space Shuttle.,39208000-a8f5-11e0-8080-808080808080,13
ISS assembly Delivery of ELC1 and ELC2,fbb04000-d242-11de-8080-808080808080,11
Radar imaging of Earth.,e49e9800-dc47-11cd-8080-808080808080,11
Deployment of Tracking and Data Relay Satellite-5.,ceb58200-50cd-11ca-8080-808080808080,9
Bring supplies to space center,a0ffe880-7b2b-11ee-8080-808080808080,135
Crew rotation,39452600-6b9b-11ee-8080-808080808080,179
Go to edge of solar system,793a9080-67ca-11ee-8080-808080808080,303
Find new forms of life,c0600800-4f24-11ee-8080-808080808080,133
Crew rotation,f9638780-393a-11ee-8080-808080808080,176
Crew rotation,1d9e3a80-3695-11ee-8080-808080808080,115
Bring passengers to the moon,4d572980-2b50-11ee-8080-808080808080,154
Bring supplies to space center,c675da80-1ad6-11ee-8080-808080808080,130
Tourist flight,a1323800-16a2-11ee-8080-808080808080,118
Bring passengers to the moon,fd870780-12f0-11ee-8080-808080808080,76
SPACEHAB-4: miscellaneous science experiments. Deployment of Spartan-207/IAE (Inflatable Antenna Experiment) satellite. Rendezvous with experimental satellite.,6024c400-b161-11cf-8080-808080808080,10
Bring supplies to space center,7c190d80-a841-11ec-8080-808080808080,27
Bring supplies to space center,40595600-a7f7-11ec-8080-808080808080,86
Land on Mars,d02bb400-a5ed-11ec-8080-808080808080,9
Bring supplies to space center,868d6e80-a41f-11ec-8080-808080808080,38
Tourist flight,17ce6680-9dca-11ec-8080-808080808080,5
Test new spacecraft model,76cd9780-9c73-11ec-8080-808080808080,262
Go to edge of solar system,5fa94580-9913-11ec-8080-808080808080,153
Deploy satellites,8506c700-9222-11ec-8080-808080808080,159
Tourist flight,9be1c980-9028-11ec-8080-808080808080,192
Test new spacecraft model,760f6000-8a3d-11ec-8080-808080808080,199
"Materials processing, Earth observation and life sciences experiments. First Hungarian in space (Farkas).",1f3bce00-c6e7-11bd-8080-808080808080,8
ISS crew rotation.,08100000-496f-11e2-8080-808080808080,146
First crew transfer between space vehicles. First docking of two manned spacecraft.,27eef000-0a3c-11b1-8080-808080808080,3
Missing Summary,c1bf4a00-bb2c-11c3-8080-808080808080,65
First Indian in space (Sharma). Earth observation program. Life sciences and materials processing experiments.,ab1b3800-1924-11c2-8080-808080808080,8
Atmospheric Laboratory for Applications and Science-2 (ATLAS-2). Atmospheric and solar science research.,3b644200-33c2-11cc-8080-808080808080,9
Systems testing in preparation for joint Soviet-US space flight.,a7d2d800-a170-11b7-8080-808080808080,6
Mir crew rotation and resupply.,252a5000-6c5e-11d0-8080-808080808080,10
Microgravity experiments. Reflight of curtailed STS-83 mission.,1d765c00-f23c-11d0-8080-808080808080,16
Second human spaceflight of the Peoples Republic of China.,837aa800-3abb-11da-8080-808080808080,4
ISS assembly and supply. Delivery of PLM. Delivery of Robonaut. Final mission of Discovery.,05c60000-3fa9-11e0-8080-808080808080,13
Failed to dock with unmanned Soyuz 2.,4f1fcc00-caa2-11b0-8080-808080808080,4
Ultraviolet astronomy studies.,67c45400-545b-11ce-8080-808080808080,16
First untethered spacewalk (McCandless and Stewart). WESTAR-VI and PALAPA-B2 satellites deployed but failed to attain correct orbits.,9c380800-e9fd-11c1-8080-808080808080,8
ISS crew rotation.,bf6c0000-43d5-11e6-8080-808080808080,115
"ISS crew rotation, outfitting and resupply.",079df400-13b8-11d5-8080-808080808080,13
Capture and return to Earth of Space Flyer Unit (Japanese microgravity research spacecraft).,1e60ac00-6c4c-11cf-8080-808080808080,194
Third lunar landing. Shepard becomes only Mercury astronaut to walk on the Moon and hits a golf ball on the Moons surface.,f512da00-54e6-11b3-8080-808080808080,9
Galileo probe deployed.,afaf3400-4fbc-11c8-8080-808080808080,5
Mir crew rotation. First Slovak in space (Bella).,3e5d4c00-c87b-11d2-8080-808080808080,8
First SPACEHAB flight: biomedical and materials sciences experiments. Retrieval of ESAs EURECA (European Retrievable Carrier).,31ca7200-6e28-11cc-8080-808080808080,10
ISS crew rotation.,8dc74000-5105-11e5-8080-808080808080,182
ISS crew rotation.,52398000-4a51-11de-8080-808080808080,188
"U.S. Department of Defense mission. Classified payload, reportedly military communications and reconnaissance satellites.",bdcb2200-17cd-11c8-8080-808080808080,5
Missing Summary,e34c7c00-1d6a-11bb-8080-808080808080,6
First \'Return to Flight\' Space Shuttle mission after the loss of Columbia. ISS assembly and supply.,00fb1a00-fde3-11d9-8080-808080808080,14
Deployment of defense communications satellite. Long Duration Exposure Facility (LDEF) retrieval.,4168a200-90d1-11c8-8080-808080808080,11
"Spacelab life sciences mission, studying humans, rodents and jellyfish.",16b56400-232c-11ca-8080-808080808080,9
First paying space tourist (Tito).,40cd3600-3ba9-11d5-8080-808080808080,8
Deploy satellites,1f0e0e80-aff2-11f5-8080-808080808080,63
Bring passengers to the moon,f0e3c100-ad9c-11f5-8080-808080808080,9
Push the boundaries of human exploration,a5ca6500-aaa1-11f5-8080-808080808080,104
Test new spacecraft model,0c50ff80-a545-11f5-8080-808080808080,58
Go to edge of solar system,84478d80-9576-11f5-8080-808080808080,123
Push the boundaries of human exploration,918e5900-9531-11f5-8080-808080808080,5
Find new forms of life,81ec0480-93b9-11f5-8080-808080808080,63
Go to edge of solar system,e2574500-92d8-11f5-8080-808080808080,266
Test new spacecraft model,b4bfae00-91a9-11f5-8080-808080808080,194
Deploy satellites,c61c4b00-8da2-11f5-8080-808080808080,216
Military mission. Evaluation of military applications of human spaceflight.,72548200-2a4c-11b7-8080-808080808080,16
Missing Summary,a8d79000-aa89-11c8-8080-808080808080,179
First woman in space.,929adc00-c746-11aa-8080-808080808080,3
"ISS crew rotation, assembly and supply.",14df2200-e9ce-11d5-8080-808080808080,12
ISS crew rotation.,51e00000-974d-11e7-8080-808080808080,169
ISS crew rotation.,92a9f600-779a-11d7-8080-808080808080,185
"Second American manned suborbital flight (altitude 118.26mi, 190km).",2d2f1800-a53c-11a8-8080-808080808080,0
Deployment of Chandra X-ray Observatory. First female Shuttle Commander (Collins).,fd31c800-40b6-11d3-8080-808080808080,5
"U.S. Department of Defense mission. Classified payload, reportedly Lacrosse 1 radar reconnaissance satellite.",8da7d400-5433-11c7-8080-808080808080,4
Disintegrated 73 seconds after launch with loss of all crew.,2dfe6400-23d1-11c4-8080-808080808080,0
First ISS Expedition Crew.,d5105600-af02-11d4-8080-808080808080,141
Bring supplies to space center,22143680-8ebb-11ea-8080-808080808080,32
Deploy satellites,42c98700-8dfc-11ea-8080-808080808080,9
Push the boundaries of human exploration,80668400-89a6-11ea-8080-808080808080,77
Crew rotation,af5df680-88cf-11ea-8080-808080808080,46
Tourist flight,4b6e7380-77e4-11ea-8080-808080808080,224
Bring passengers to the moon,a3acc380-70c8-11ea-8080-808080808080,204
Test new spacecraft model,5c31f780-6e7c-11ea-8080-808080808080,62
Deploy satellites,1e418480-6b99-11ea-8080-808080808080,306
Land on Mars,bc5f0e80-6a22-11ea-8080-808080808080,294
Tourist flight,dd0a9880-60f3-11ea-8080-808080808080,279
Missing Summary,3718fa00-ebb5-11d6-8080-808080808080,11
Salyut 6 crew rotation.,ccf32c00-a1d0-11bd-8080-808080808080,185
United States Microgravity Laboratory-I (USML-1): various microgravity experiments.,7ca5be00-5296-11cb-8080-808080808080,14
Go to edge of solar system,9260c680-3a15-11f7-8080-808080808080,108
Tourist flight,05abc500-3704-11f7-8080-808080808080,213
Land on Mars,d2ba4200-2f49-11f7-8080-808080808080,2
Test new spacecraft model,f31dc800-0ed8-11f7-8080-808080808080,110
Deploy satellites,67f55180-07b7-11f7-8080-808080808080,162
Push the boundaries of human exploration,94905880-0653-11f7-8080-808080808080,60
Go to edge of solar system,640cd800-05db-11f7-8080-808080808080,176
Find new forms of life,83aaee80-0550-11f7-8080-808080808080,19
Push the boundaries of human exploration,aff49b80-fde9-11f6-8080-808080808080,178
Bring passengers to the moon,9c6a6780-f668-11f6-8080-808080808080,62
Tourist flight,da68a880-871d-11f2-8080-808080808080,111
Bring supplies to space center,a0de4480-8547-11f2-8080-808080808080,258
Tourist flight,6b94f380-839b-11f2-8080-808080808080,205
Find new forms of life,9a98eb80-7e16-11f2-8080-808080808080,25
Tourist flight,e59d7800-77f2-11f2-8080-808080808080,249
Deploy satellites,69cffc80-771a-11f2-8080-808080808080,90
Deploy new internet beacons,502add00-6e1d-11f2-8080-808080808080,187
Tourist flight,fee2ae00-6a16-11f2-8080-808080808080,91
Find new forms of life,f7bc2b80-6550-11f2-8080-808080808080,274
Push the boundaries of human exploration,d9c05580-54d3-11f2-8080-808080808080,105
First Shuttle-Mir docking. Biomedical experiments. Mir crew rotation and resupply.,ea7eb800-b0b7-11ce-8080-808080808080,10
Find new forms of life,bb1f0280-75fe-11f0-8080-808080808080,213
Test new spacecraft model,65d4f800-75e2-11f0-8080-808080808080,65
Deploy satellites,c0522800-7346-11f0-8080-808080808080,96
Deploy satellites,86f61f00-56ed-11f0-8080-808080808080,78
Test new spacecraft model,1a6c0500-4add-11f0-8080-808080808080,52
Crew rotation,509c8b00-4ac3-11f0-8080-808080808080,240
Push the boundaries of human exploration,73588080-4a7e-11f0-8080-808080808080,255
Crew rotation,bd055900-483b-11f0-8080-808080808080,55
Land on Mars,837fd580-453d-11f0-8080-808080808080,206
Land on Mars,ee0e1400-445e-11f0-8080-808080808080,70
Deployment of 7th Tracking and Data Relay Satellite (TDRS). Biological and biomedical studies.,ac210400-bd19-11ce-8080-808080808080,9
First backup crew to fly space mission.,c8e93200-1a6f-11ae-8080-808080808080,3
ISS crew rotation and assembly,a0024000-d50f-11dc-8080-808080808080,13
First \'Return to Flight\' Space Shuttle mission after Challenger Disaster. Deployment of Tracking and Data Relay Satellite-3 (TDRS-3).,02238400-21f3-11c7-8080-808080808080,4
First Space Shuttle EVA (Peterson and Musgrave). Deployment of first Tracking and Data Relay Satellite (TDRS-1). Miscellaneous science experiments.,2df28400-fa80-11c0-8080-808080808080,5
Apollo-Soyuz Test Project (ASTP); first joint Soviet US spaceflight. The two craft dock in space with exchange of flags and gifts.Last manned US mission until STS-1 in 1981.,48d05800-5255-11b8-8080-808080808080,6
Push the boundaries of human exploration,ead9a100-c2bb-11f1-8080-808080808080,3
Find new forms of life,f221d300-baa1-11f1-8080-808080808080,75
Tourist flight,28faff00-b11a-11f1-8080-808080808080,19
Tourist flight,2ec6f500-b0c6-11f1-8080-808080808080,14
Test new spacecraft model,2b3f2880-a3ba-11f1-8080-808080808080,262
Deploy new internet beacons,5f09d380-9e39-11f1-8080-808080808080,70
Bring passengers to the moon,238cdd80-9d43-11f1-8080-808080808080,102
Land on Mars,22e4f780-998f-11f1-8080-808080808080,284
Bring supplies to space center,41c93a00-8b05-11f1-8080-808080808080,71
Tourist flight,385c8980-88db-11f1-8080-808080808080,150
Mir crew rotation. Biological and medical experiments. First Frenchwoman in space (Andre-Deshays).,c1783400-f831-11cf-8080-808080808080,16
"Three communications satellites deployed. Retrieval, repair and redeployment of LEASAT-3 satellite.",aec2d800-aaa0-11c3-8080-808080808080,7
Push the boundaries of human exploration,14c43e80-b390-11eb-8080-808080808080,264
Deploy new internet beacons,6dc9f080-aba0-11eb-8080-808080808080,234
Test new spacecraft model,0f4d4400-ab99-11eb-8080-808080808080,105
Push the boundaries of human exploration,89244700-a3bb-11eb-8080-808080808080,144
Crew rotation,23f1ee00-a069-11eb-8080-808080808080,144
Bring supplies to space center,68bb9080-97f0-11eb-8080-808080808080,198
Land on Mars,23ad4500-9783-11eb-8080-808080808080,31
Deploy satellites,e8850780-9604-11eb-8080-808080808080,136
Push the boundaries of human exploration,d6856500-952f-11eb-8080-808080808080,255
Push the boundaries of human exploration,24d7de80-86bd-11eb-8080-808080808080,42
"U.S. Department of Defense mission. Classified payload, reportedlyreconnaissance satellite.",4e616200-b7f3-11c8-8080-808080808080,4
ISS crew rotation. First Malaysian in space (Shukor). First female ISS commander (Whitson).,be704000-76c3-11dc-8080-808080808080,192
Spent almost two months in space. Miscellaneous scientific experiments.,b73c7400-1edf-11b6-8080-808080808080,59
Unsuccessful attempt to board Salyut 1 space station.,6e621c00-956e-11b3-8080-808080808080,2
Hubble Space Telescope servicing.,62deac00-b677-11d3-8080-808080808080,8
"Classified US Department of Defense primary payload, reportedly a reconnaissance satellite. Miscellaneous unclassified science experiments.",8c40e400-d038-11cb-8080-808080808080,7
Mir crew rotation and resupply.,8f5ef000-939c-11d1-8080-808080808080,8
Push the boundaries of human exploration,c1247080-fab6-11f3-8080-808080808080,140
Test new spacecraft model,3f18b900-df06-11f3-8080-808080808080,86
Tourist flight,b15a1100-d815-11f3-8080-808080808080,107
Deploy new internet beacons,5eaf2880-c25a-11f3-8080-808080808080,213
Push the boundaries of human exploration,14e5ea00-bf9d-11f3-8080-808080808080,98
Land on Mars,c7c1f980-bcb8-11f3-8080-808080808080,255
Find new forms of life,125ce680-b78c-11f3-8080-808080808080,17
Go to edge of solar system,4edb4780-af2d-11f3-8080-808080808080,29
Test new spacecraft model,4cdf9d00-aec9-11f3-8080-808080808080,133
Deploy satellites,b8534b80-ae84-11f3-8080-808080808080,130
Push the boundaries of human exploration,6a7ffb80-ad3d-11f3-8080-808080808080,146
Deploy new internet beacons,89e6b980-a77c-11f3-8080-808080808080,122
Crew rotation,fb007f80-a730-11f3-8080-808080808080,121
Land on Mars,4b681980-9eb5-11f3-8080-808080808080,103
Go to edge of solar system,94511a00-9886-11f3-8080-808080808080,170
Go to edge of solar system,d01cae80-97b6-11f3-8080-808080808080,132
Crew rotation,6c111380-8f88-11f3-8080-808080808080,228
Land on Mars,27439900-8f04-11f3-8080-808080808080,160
Bring supplies to space center,4a2e1180-8aee-11f3-8080-808080808080,96
Go to edge of solar system,4a2c7280-8459-11f3-8080-808080808080,50
Missing Summary,08db4a00-ede4-11c1-8080-808080808080,237
First manned mission to Skylab space station. Spent almost one month in space.,7ab48800-eca4-11b5-8080-808080808080,28
ISS crew rotation. First female space tourist (Ansari). First Persian in space (Ansari).,a0930000-46a8-11db-8080-808080808080,215
International Microgravity Laboratory-1 (IML-1). Life sciences and materials processing experiments. First Canadian woman in space (Bondar).,5fbb2800-d8bd-11ca-8080-808080808080,8
ISS crew rotation.,b9b30000-2b66-11e1-8080-808080808080,193
Fourth human spaceflight and first manned space station docking for China.,373a8000-b746-11e1-8080-808080808080,13
First three-craft spaceflight.,c30ade00-de85-11b1-8080-808080808080,5
First to perform orbital maneuvers.,abb7c000-c310-11ac-8080-808080808080,0
Hubble Space Telescope deployed.,8e574800-e351-11c8-8080-808080808080,5
Mir crew rotation.,ce260600-98c6-11d1-8080-808080808080,21
Bring supplies to space center,08577500-8d2e-11f5-8080-808080808080,88
Land on Mars,ad753d80-8c9b-11f5-8080-808080808080,9
Deploy new internet beacons,2b916000-8589-11f5-8080-808080808080,224
Find new forms of life,312b7d80-856a-11f5-8080-808080808080,182
Crew rotation,55037f00-8330-11f5-8080-808080808080,29
Land on Mars,5ba8bf80-8193-11f5-8080-808080808080,36
Go to edge of solar system,b923a480-7c99-11f5-8080-808080808080,296
Push the boundaries of human exploration,56fedb80-75d7-11f5-8080-808080808080,15
Test new spacecraft model,5a5e7c80-756f-11f5-8080-808080808080,71
Tourist flight,a02c1100-73c6-11f5-8080-808080808080,64
Deploy new internet beacons,c89d1700-6f92-11ed-8080-808080808080,212
Land on Mars,43f73580-5ecb-11ed-8080-808080808080,50
Tourist flight,40fbcb80-4f43-11ed-8080-808080808080,273
Bring supplies to space center,05a89880-37ef-11ed-8080-808080808080,56
Tourist flight,4b8a6600-2eab-11ed-8080-808080808080,63
Crew rotation,bc248900-2e91-11ed-8080-808080808080,141
Crew rotation,2391aa80-2043-11ed-8080-808080808080,136
Deploy new internet beacons,190ea280-1d1d-11ed-8080-808080808080,113
Deploy new internet beacons,9222fc00-fe39-11ec-8080-808080808080,58
Deploy satellites,d8b45480-f523-11ec-8080-808080808080,5
U.S. Department of Defense mission. Deployment of Defense Support Program (DSP) satellite.,39566600-ab74-11ca-8080-808080808080,7
Successful boarding of Salyut 1 (first manned space station). All crew died on re-entry due to air leak.,9abeaa00-b762-11b3-8080-808080808080,23
Test new spacecraft model,6c947100-42ec-11f3-8080-808080808080,192
Bring supplies to space center,56a79180-4295-11f3-8080-808080808080,344
Bring supplies to space center,34ad0f80-4293-11f3-8080-808080808080,183
Crew rotation,0e64b580-39f1-11f3-8080-808080808080,88
Land on Mars,b037c400-3957-11f3-8080-808080808080,130
Crew rotation,7c499980-3898-11f3-8080-808080808080,188
Tourist flight,a9b4ef80-35d9-11f3-8080-808080808080,135
Tourist flight,d517db80-3500-11f3-8080-808080808080,262
Land on Mars,53bc3700-299f-11f3-8080-808080808080,103
Push the boundaries of human exploration,1f7d0980-2673-11f3-8080-808080808080,205
Crew rotation,f1787180-a000-11ed-8080-808080808080,102
Test new spacecraft model,bd4e7380-9f62-11ed-8080-808080808080,172
Test new spacecraft model,f9637d80-9af7-11ed-8080-808080808080,42
Land on Mars,cf563800-9752-11ed-8080-808080808080,278
Push the boundaries of human exploration,ea07bd00-9710-11ed-8080-808080808080,15
Land on Mars,075d1580-9324-11ed-8080-808080808080,121
Find new forms of life,0374c780-9313-11ed-8080-808080808080,143
Go to edge of solar system,fcda3900-91c8-11ed-8080-808080808080,6
Deploy satellites,23e91b80-90a0-11ed-8080-808080808080,196
Deploy new internet beacons,9be0bd00-8c2c-11ed-8080-808080808080,17
Three communications satellites deployed. Miscellaneous scientific experiments. First Saudi and the first Arab in space (Al-Saud).,03dfb200-72d8-11c3-8080-808080808080,7
Tourist flight,2f90b100-5534-11f4-8080-808080808080,68
Deploy new internet beacons,2d752500-5529-11f4-8080-808080808080,27
Test new spacecraft model,6342dc80-5449-11f4-8080-808080808080,12
Test new spacecraft model,0b3d4d80-4fe5-11f4-8080-808080808080,160
Find new forms of life,9779ce80-4a41-11f4-8080-808080808080,64
Find new forms of life,b5b7c100-48bf-11f4-8080-808080808080,201
Crew rotation,03b6cf80-4894-11f4-8080-808080808080,249
Find new forms of life,4335db00-4804-11f4-8080-808080808080,18
Bring supplies to space center,55c1ee80-46f6-11f4-8080-808080808080,64
Deploy satellites,69cef880-45ef-11f4-8080-808080808080,236
Retrieval and redeployment of INTELSAT VI (F-3) satellite. Demonstration of maintenance and assembly capabilities for Space Station Freedom.,65156600-2c53-11cb-8080-808080808080,9
ISS crew rotation.,8a280000-c729-11e2-8080-808080808080,167
First space shuttle flight. Systems test.,14366000-c2f0-11be-8080-808080808080,2
First three-craft spaceflight.,16b2f400-ddc0-11b1-8080-808080808080,5
First multiple person spaceflight. Biomedical research.,22c45200-438a-11ac-8080-808080808080,1
ISS assembly Delivery of experiments and logistics,2d854000-4046-11df-8080-808080808080,15
First successful docking with Salyut 6.,92b6da00-04b1-11bb-8080-808080808080,96
Deployment of ESAs EURECA (European Retrievable Carrier). Deployment of joint NASA/Italian Space Agency Tethered Satellite System (TSS) (failed). First Swiss in space (Nicollier). First Italian in space (Malerba).,55ad5e00-6ecc-11cb-8080-808080808080,8
First French citizen in space (Chr̩tien).,39556e00-1b44-11c0-8080-808080808080,8
ISS crew rotation.,7be24000-5e4e-11e0-8080-808080808080,165
First Romanian in space (Prunariu). Magnetic field observations. Final Soyuz flight.,aa3c0e00-dc41-11be-8080-808080808080,8
International Microgravity Laboratory-2: miscellaneous microgravity experiments. First Japanese woman in space (Naito-Mukai).,a85a0200-9a73-11cd-8080-808080808080,15
Microgravity experiments. Mission cut short due to fuel cell problems.,6e9bb000-ad20-11d0-8080-808080808080,4
First space rendezvous in history with Gemini 7.,57292600-94d9-11ad-8080-808080808080,1
ISS crew rotation.,c8bd4000-a2be-11e5-8080-808080808080,186
Deployed two communications satellites. Retrieved two malfunctioning satellites.,5d0f8800-c536-11c2-8080-808080808080,8
ISS crew rotation.,687ec000-b3b0-11e3-8080-808080808080,170
Mir crew rotation and resupply. First American woman on Mir (Lucid).,a0aece00-83ba-11cf-8080-808080808080,9
Deployment of Compton Gamma Ray Observatory.,15c08000-f345-11c9-8080-808080808080,6
Find new forms of life,dd70d480-cceb-11f7-8080-808080808080,164
Find new forms of life,5fcbab00-cc90-11f7-8080-808080808080,94
Go to edge of solar system,cc59c680-c3c1-11f7-8080-808080808080,67
Deploy new internet beacons,4c701a80-ad89-11f7-8080-808080808080,61
Bring supplies to space center,0b129900-a62c-11f7-8080-808080808080,225
Deploy satellites,16889600-a540-11f7-8080-808080808080,211
Bring supplies to space center,2d928100-a3a4-11f7-8080-808080808080,162
Test new spacecraft model,94366400-a217-11f7-8080-808080808080,81
Bring passengers to the moon,fed59a00-a15a-11f7-8080-808080808080,226
Go to edge of solar system,a051f100-a145-11f7-8080-808080808080,176
ISS crew rotation. First South Korean in space (Yi)First second-generation cosmonaut (Volkov).,bb350000-04fe-11dd-8080-808080808080,199
ISS crew rotation.,36190000-d414-11e4-8080-808080808080,169